filename,prediction
Te-gl_1.jpg,0
Te-gl_10.jpg,0
Te-gl_100.jpg,0
Te-gl_101.jpg,0
Te-gl_102.jpg,2
Te-gl_103.jpg,0
Te-gl_104.jpg,0
Te-gl_105.jpg,0
Te-gl_106.jpg,1
Te-gl_107.jpg,0
Te-gl_108.jpg,0
Te-gl_109.jpg,1
Te-gl_11.jpg,0
Te-gl_110.jpg,0
Te-gl_111.jpg,0
Te-gl_112.jpg,0
Te-gl_113.jpg,0
Te-gl_114.jpg,0
Te-gl_115.jpg,1
Te-gl_116.jpg,0
Te-gl_117.jpg,0
Te-gl_118.jpg,0
Te-gl_119.jpg,0
Te-gl_12.jpg,0
Te-gl_120.jpg,0
Te-gl_121.jpg,0
Te-gl_122.jpg,0
Te-gl_123.jpg,0
Te-gl_124.jpg,0
Te-gl_125.jpg,0
Te-gl_126.jpg,1
Te-gl_127.jpg,0
Te-gl_128.jpg,0
Te-gl_129.jpg,1
Te-gl_13.jpg,0
Te-gl_130.jpg,0
Te-gl_131.jpg,0
Te-gl_132.jpg,0
Te-gl_133.jpg,1
Te-gl_134.jpg,0
Te-gl_135.jpg,0
Te-gl_136.jpg,0
Te-gl_137.jpg,0
Te-gl_138.jpg,0
Te-gl_139.jpg,0
Te-gl_14.jpg,0
Te-gl_140.jpg,0
Te-gl_141.jpg,0
Te-gl_142.jpg,0
Te-gl_143.jpg,2
Te-gl_144.jpg,2
Te-gl_145.jpg,0
Te-gl_146.jpg,0
Te-gl_147.jpg,0
Te-gl_148.jpg,0
Te-gl_149.jpg,0
Te-gl_15.jpg,1
Te-gl_150.jpg,0
Te-gl_151.jpg,1
Te-gl_152.jpg,0
Te-gl_153.jpg,0
Te-gl_154.jpg,0
Te-gl_155.jpg,0
Te-gl_156.jpg,0
Te-gl_157.jpg,0
Te-gl_158.jpg,0
Te-gl_159.jpg,1
Te-gl_16.jpg,0
Te-gl_160.jpg,1
Te-gl_161.jpg,0
Te-gl_162.jpg,0
Te-gl_163.jpg,0
Te-gl_164.jpg,0
Te-gl_165.jpg,0
Te-gl_166.jpg,0
Te-gl_167.jpg,2
Te-gl_168.jpg,0
Te-gl_169.jpg,0
Te-gl_17.jpg,0
Te-gl_170.jpg,0
Te-gl_171.jpg,1
Te-gl_172.jpg,0
Te-gl_173.jpg,0
Te-gl_174.jpg,0
Te-gl_175.jpg,0
Te-gl_176.jpg,0
Te-gl_177.jpg,0
Te-gl_178.jpg,0
Te-gl_179.jpg,0
Te-gl_18.jpg,0
Te-gl_180.jpg,0
Te-gl_181.jpg,0
Te-gl_182.jpg,0
Te-gl_183.jpg,0
Te-gl_184.jpg,0
Te-gl_185.jpg,0
Te-gl_186.jpg,0
Te-gl_187.jpg,1
Te-gl_188.jpg,0
Te-gl_189.jpg,2
Te-gl_19.jpg,0
Te-gl_190.jpg,0
Te-gl_191.jpg,0
Te-gl_192.jpg,0
Te-gl_193.jpg,0
Te-gl_194.jpg,0
Te-gl_195.jpg,0
Te-gl_196.jpg,1
Te-gl_197.jpg,0
Te-gl_198.jpg,0
Te-gl_199.jpg,0
Te-gl_2.jpg,0
Te-gl_20.jpg,0
Te-gl_200.jpg,0
Te-gl_201.jpg,0
Te-gl_202.jpg,0
Te-gl_203.jpg,0
Te-gl_204.jpg,2
Te-gl_205.jpg,1
Te-gl_206.jpg,0
Te-gl_207.jpg,0
Te-gl_208.jpg,0
Te-gl_209.jpg,0
Te-gl_21.jpg,0
Te-gl_210.jpg,0
Te-gl_211.jpg,0
Te-gl_212.jpg,0
Te-gl_213.jpg,1
Te-gl_214.jpg,0
Te-gl_215.jpg,0
Te-gl_216.jpg,0
Te-gl_217.jpg,0
Te-gl_218.jpg,1
Te-gl_219.jpg,0
Te-gl_22.jpg,0
Te-gl_220.jpg,0
Te-gl_221.jpg,0
Te-gl_222.jpg,0
Te-gl_223.jpg,0
Te-gl_224.jpg,0
Te-gl_225.jpg,0
Te-gl_226.jpg,0
Te-gl_227.jpg,0
Te-gl_228.jpg,1
Te-gl_229.jpg,0
Te-gl_23.jpg,0
Te-gl_230.jpg,0
Te-gl_231.jpg,0
Te-gl_232.jpg,0
Te-gl_233.jpg,0
Te-gl_234.jpg,0
Te-gl_235.jpg,0
Te-gl_236.jpg,0
Te-gl_237.jpg,0
Te-gl_238.jpg,0
Te-gl_239.jpg,0
Te-gl_24.jpg,0
Te-gl_240.jpg,0
Te-gl_241.jpg,0
Te-gl_242.jpg,0
Te-gl_243.jpg,0
Te-gl_244.jpg,0
Te-gl_245.jpg,0
Te-gl_246.jpg,0
Te-gl_247.jpg,0
Te-gl_248.jpg,0
Te-gl_249.jpg,0
Te-gl_25.jpg,0
Te-gl_250.jpg,0
Te-gl_251.jpg,0
Te-gl_252.jpg,0
Te-gl_253.jpg,0
Te-gl_254.jpg,0
Te-gl_255.jpg,0
Te-gl_256.jpg,0
Te-gl_257.jpg,0
Te-gl_258.jpg,0
Te-gl_259.jpg,2
Te-gl_26.jpg,0
Te-gl_260.jpg,0
Te-gl_261.jpg,0
Te-gl_262.jpg,0
Te-gl_263.jpg,1
Te-gl_264.jpg,1
Te-gl_265.jpg,0
Te-gl_266.jpg,0
Te-gl_267.jpg,0
Te-gl_268.jpg,0
Te-gl_269.jpg,0
Te-gl_27.jpg,2
Te-gl_270.jpg,0
Te-gl_271.jpg,0
Te-gl_272.jpg,0
Te-gl_273.jpg,0
Te-gl_274.jpg,0
Te-gl_275.jpg,2
Te-gl_276.jpg,0
Te-gl_277.jpg,2
Te-gl_278.jpg,0
Te-gl_279.jpg,0
Te-gl_28.jpg,0
Te-gl_280.jpg,0
Te-gl_281.jpg,0
Te-gl_282.jpg,0
Te-gl_283.jpg,0
Te-gl_284.jpg,0
Te-gl_285.jpg,0
Te-gl_286.jpg,0
Te-gl_287.jpg,0
Te-gl_288.jpg,0
Te-gl_289.jpg,0
Te-gl_29.jpg,0
Te-gl_290.jpg,0
Te-gl_291.jpg,0
Te-gl_292.jpg,0
Te-gl_293.jpg,0
Te-gl_294.jpg,0
Te-gl_295.jpg,2
Te-gl_296.jpg,0
Te-gl_297.jpg,0
Te-gl_298.jpg,0
Te-gl_299.jpg,0
Te-gl_3.jpg,0
Te-gl_30.jpg,0
Te-gl_300.jpg,0
Te-gl_301.jpg,0
Te-gl_302.jpg,0
Te-gl_303.jpg,1
Te-gl_304.jpg,0
Te-gl_305.jpg,0
Te-gl_306.jpg,0
Te-gl_307.jpg,0
Te-gl_308.jpg,0
Te-gl_309.jpg,0
Te-gl_31.jpg,0
Te-gl_310.jpg,2
Te-gl_311.jpg,0
Te-gl_312.jpg,0
Te-gl_313.jpg,1
Te-gl_314.jpg,1
Te-gl_315.jpg,1
Te-gl_316.jpg,0
Te-gl_317.jpg,0
Te-gl_318.jpg,2
Te-gl_319.jpg,0
Te-gl_32.jpg,1
Te-gl_320.jpg,0
Te-gl_321.jpg,0
Te-gl_322.jpg,0
Te-gl_323.jpg,2
Te-gl_324.jpg,0
Te-gl_325.jpg,0
Te-gl_326.jpg,0
Te-gl_327.jpg,0
Te-gl_328.jpg,0
Te-gl_329.jpg,0
Te-gl_33.jpg,0
Te-gl_330.jpg,2
Te-gl_331.jpg,0
Te-gl_332.jpg,0
Te-gl_333.jpg,0
Te-gl_334.jpg,0
Te-gl_335.jpg,2
Te-gl_336.jpg,0
Te-gl_337.jpg,0
Te-gl_338.jpg,0
Te-gl_339.jpg,0
Te-gl_34.jpg,0
Te-gl_340.jpg,0
Te-gl_341.jpg,2
Te-gl_342.jpg,0
Te-gl_343.jpg,0
Te-gl_344.jpg,0
Te-gl_345.jpg,0
Te-gl_346.jpg,0
Te-gl_347.jpg,0
Te-gl_348.jpg,0
Te-gl_349.jpg,0
Te-gl_35.jpg,0
Te-gl_350.jpg,1
Te-gl_351.jpg,2
Te-gl_352.jpg,0
Te-gl_353.jpg,0
Te-gl_354.jpg,0
Te-gl_355.jpg,0
Te-gl_356.jpg,0
Te-gl_357.jpg,0
Te-gl_358.jpg,2
Te-gl_359.jpg,0
Te-gl_36.jpg,0
Te-gl_360.jpg,0
Te-gl_361.jpg,0
Te-gl_362.jpg,0
Te-gl_363.jpg,0
Te-gl_364.jpg,0
Te-gl_365.jpg,0
Te-gl_366.jpg,0
Te-gl_367.jpg,0
Te-gl_368.jpg,0
Te-gl_369.jpg,0
Te-gl_37.jpg,0
Te-gl_370.jpg,0
Te-gl_371.jpg,0
Te-gl_372.jpg,2
Te-gl_373.jpg,0
Te-gl_374.jpg,0
Te-gl_375.jpg,0
Te-gl_376.jpg,0
Te-gl_377.jpg,0
Te-gl_378.jpg,0
Te-gl_379.jpg,0
Te-gl_38.jpg,0
Te-gl_380.jpg,0
Te-gl_381.jpg,0
Te-gl_382.jpg,0
Te-gl_383.jpg,0
Te-gl_384.jpg,0
Te-gl_385.jpg,0
Te-gl_386.jpg,0
Te-gl_387.jpg,0
Te-gl_388.jpg,0
Te-gl_389.jpg,1
Te-gl_39.jpg,2
Te-gl_390.jpg,0
Te-gl_391.jpg,1
Te-gl_392.jpg,0
Te-gl_393.jpg,0
Te-gl_394.jpg,0
Te-gl_395.jpg,0
Te-gl_396.jpg,0
Te-gl_397.jpg,0
Te-gl_398.jpg,0
Te-gl_399.jpg,0
Te-gl_4.jpg,0
Te-gl_40.jpg,0
Te-gl_400.jpg,0
Te-gl_41.jpg,0
Te-gl_42.jpg,0
Te-gl_43.jpg,2
Te-gl_44.jpg,0
Te-gl_45.jpg,0
Te-gl_46.jpg,0
Te-gl_47.jpg,1
Te-gl_48.jpg,0
Te-gl_49.jpg,0
Te-gl_5.jpg,0
Te-gl_50.jpg,0
Te-gl_51.jpg,0
Te-gl_52.jpg,0
Te-gl_53.jpg,0
Te-gl_54.jpg,0
Te-gl_55.jpg,0
Te-gl_56.jpg,0
Te-gl_57.jpg,0
Te-gl_58.jpg,1
Te-gl_59.jpg,2
Te-gl_6.jpg,0
Te-gl_60.jpg,0
Te-gl_61.jpg,0
Te-gl_62.jpg,1
Te-gl_63.jpg,0
Te-gl_64.jpg,0
Te-gl_65.jpg,0
Te-gl_66.jpg,1
Te-gl_67.jpg,0
Te-gl_68.jpg,1
Te-gl_69.jpg,0
Te-gl_7.jpg,0
Te-gl_70.jpg,0
Te-gl_71.jpg,0
Te-gl_72.jpg,2
Te-gl_73.jpg,0
Te-gl_74.jpg,2
Te-gl_75.jpg,0
Te-gl_76.jpg,0
Te-gl_77.jpg,0
Te-gl_78.jpg,2
Te-gl_79.jpg,0
Te-gl_8.jpg,0
Te-gl_80.jpg,0
Te-gl_81.jpg,0
Te-gl_82.jpg,0
Te-gl_83.jpg,0
Te-gl_84.jpg,0
Te-gl_85.jpg,0
Te-gl_86.jpg,1
Te-gl_87.jpg,1
Te-gl_88.jpg,0
Te-gl_89.jpg,0
Te-gl_9.jpg,0
Te-gl_90.jpg,0
Te-gl_91.jpg,0
Te-gl_92.jpg,0
Te-gl_93.jpg,0
Te-gl_94.jpg,0
Te-gl_95.jpg,0
Te-gl_96.jpg,0
Te-gl_97.jpg,1
Te-gl_98.jpg,0
Te-gl_99.jpg,0
Te-aug-me_1.jpg,1
Te-aug-me_10.jpg,1
Te-aug-me_100.jpg,1
Te-aug-me_101.jpg,1
Te-aug-me_102.jpg,1
Te-aug-me_103.jpg,1
Te-aug-me_11.jpg,1
Te-aug-me_12.jpg,1
Te-aug-me_13.jpg,1
Te-aug-me_14.jpg,1
Te-aug-me_15.jpg,1
Te-aug-me_16.jpg,1
Te-aug-me_17.jpg,1
Te-aug-me_18.jpg,1
Te-aug-me_19.jpg,1
Te-aug-me_2.jpg,1
Te-aug-me_20.jpg,1
Te-aug-me_21.jpg,1
Te-aug-me_22.jpg,1
Te-aug-me_23.jpg,1
Te-aug-me_24.jpg,1
Te-aug-me_25.jpg,1
Te-aug-me_26.jpg,1
Te-aug-me_27.jpg,1
Te-aug-me_28.jpg,1
Te-aug-me_29.jpg,1
Te-aug-me_3.jpg,1
Te-aug-me_30.jpg,1
Te-aug-me_31.jpg,1
Te-aug-me_32.jpg,1
Te-aug-me_33.jpg,1
Te-aug-me_34.jpg,1
Te-aug-me_35.jpg,1
Te-aug-me_36.jpg,1
Te-aug-me_37.jpg,1
Te-aug-me_38.jpg,1
Te-aug-me_39.jpg,1
Te-aug-me_4.jpg,1
Te-aug-me_40.jpg,3
Te-aug-me_41.jpg,1
Te-aug-me_42.jpg,1
Te-aug-me_43.jpg,1
Te-aug-me_44.jpg,1
Te-aug-me_45.jpg,1
Te-aug-me_46.jpg,1
Te-aug-me_47.jpg,1
Te-aug-me_48.jpg,1
Te-aug-me_49.jpg,1
Te-aug-me_5.jpg,1
Te-aug-me_50.jpg,1
Te-aug-me_51.jpg,1
Te-aug-me_52.jpg,1
Te-aug-me_53.jpg,1
Te-aug-me_54.jpg,1
Te-aug-me_55.jpg,1
Te-aug-me_56.jpg,1
Te-aug-me_57.jpg,1
Te-aug-me_58.jpg,1
Te-aug-me_59.jpg,1
Te-aug-me_6.jpg,1
Te-aug-me_60.jpg,1
Te-aug-me_61.jpg,1
Te-aug-me_62.jpg,1
Te-aug-me_63.jpg,1
Te-aug-me_64.jpg,1
Te-aug-me_65.jpg,1
Te-aug-me_66.jpg,1
Te-aug-me_67.jpg,1
Te-aug-me_68.jpg,1
Te-aug-me_69.jpg,1
Te-aug-me_7.jpg,1
Te-aug-me_70.jpg,1
Te-aug-me_71.jpg,1
Te-aug-me_72.jpg,1
Te-aug-me_73.jpg,1
Te-aug-me_74.jpg,1
Te-aug-me_75.jpg,1
Te-aug-me_76.jpg,1
Te-aug-me_77.jpg,1
Te-aug-me_78.jpg,1
Te-aug-me_79.jpg,1
Te-aug-me_8.jpg,1
Te-aug-me_80.jpg,1
Te-aug-me_81.jpg,1
Te-aug-me_82.jpg,1
Te-aug-me_83.jpg,1
Te-aug-me_84.jpg,1
Te-aug-me_85.jpg,1
Te-aug-me_86.jpg,1
Te-aug-me_87.jpg,1
Te-aug-me_88.jpg,1
Te-aug-me_89.jpg,1
Te-aug-me_9.jpg,1
Te-aug-me_90.jpg,1
Te-aug-me_91.jpg,1
Te-aug-me_92.jpg,1
Te-aug-me_93.jpg,1
Te-aug-me_94.jpg,1
Te-aug-me_95.jpg,1
Te-aug-me_96.jpg,1
Te-aug-me_97.jpg,1
Te-aug-me_98.jpg,1
Te-aug-me_99.jpg,1
Te-me_1.jpg,1
Te-me_10.jpg,1
Te-me_100.jpg,1
Te-me_101.jpg,1
Te-me_102.jpg,1
Te-me_103.jpg,1
Te-me_104.jpg,1
Te-me_105.jpg,1
Te-me_106.jpg,1
Te-me_107.jpg,1
Te-me_108.jpg,1
Te-me_109.jpg,1
Te-me_11.jpg,1
Te-me_110.jpg,1
Te-me_111.jpg,1
Te-me_112.jpg,1
Te-me_113.jpg,0
Te-me_114.jpg,1
Te-me_115.jpg,1
Te-me_116.jpg,1
Te-me_117.jpg,1
Te-me_118.jpg,1
Te-me_119.jpg,1
Te-me_12.jpg,1
Te-me_120.jpg,1
Te-me_121.jpg,1
Te-me_122.jpg,1
Te-me_123.jpg,1
Te-me_124.jpg,1
Te-me_125.jpg,1
Te-me_126.jpg,1
Te-me_127.jpg,1
Te-me_128.jpg,1
Te-me_129.jpg,1
Te-me_13.jpg,1
Te-me_130.jpg,1
Te-me_131.jpg,1
Te-me_132.jpg,1
Te-me_133.jpg,1
Te-me_134.jpg,1
Te-me_135.jpg,1
Te-me_136.jpg,1
Te-me_137.jpg,1
Te-me_138.jpg,1
Te-me_139.jpg,1
Te-me_14.jpg,1
Te-me_140.jpg,1
Te-me_141.jpg,1
Te-me_142.jpg,1
Te-me_143.jpg,1
Te-me_144.jpg,1
Te-me_145.jpg,1
Te-me_146.jpg,1
Te-me_147.jpg,1
Te-me_148.jpg,1
Te-me_149.jpg,1
Te-me_15.jpg,1
Te-me_150.jpg,1
Te-me_151.jpg,1
Te-me_152.jpg,1
Te-me_153.jpg,1
Te-me_154.jpg,1
Te-me_155.jpg,1
Te-me_156.jpg,1
Te-me_157.jpg,1
Te-me_158.jpg,1
Te-me_159.jpg,1
Te-me_16.jpg,1
Te-me_160.jpg,1
Te-me_161.jpg,1
Te-me_162.jpg,1
Te-me_163.jpg,1
Te-me_164.jpg,1
Te-me_165.jpg,1
Te-me_166.jpg,1
Te-me_167.jpg,2
Te-me_168.jpg,1
Te-me_169.jpg,3
Te-me_17.jpg,1
Te-me_170.jpg,1
Te-me_171.jpg,1
Te-me_172.jpg,1
Te-me_173.jpg,1
Te-me_174.jpg,1
Te-me_175.jpg,1
Te-me_176.jpg,1
Te-me_177.jpg,1
Te-me_178.jpg,1
Te-me_179.jpg,1
Te-me_18.jpg,1
Te-me_180.jpg,1
Te-me_181.jpg,1
Te-me_182.jpg,1
Te-me_183.jpg,1
Te-me_184.jpg,1
Te-me_185.jpg,1
Te-me_186.jpg,1
Te-me_187.jpg,1
Te-me_188.jpg,1
Te-me_189.jpg,1
Te-me_19.jpg,1
Te-me_190.jpg,1
Te-me_191.jpg,1
Te-me_192.jpg,1
Te-me_193.jpg,1
Te-me_194.jpg,1
Te-me_195.jpg,1
Te-me_196.jpg,1
Te-me_197.jpg,1
Te-me_198.jpg,1
Te-me_199.jpg,1
Te-me_2.jpg,1
Te-me_20.jpg,1
Te-me_200.jpg,1
Te-me_201.jpg,1
Te-me_202.jpg,1
Te-me_203.jpg,1
Te-me_204.jpg,1
Te-me_205.jpg,1
Te-me_206.jpg,1
Te-me_207.jpg,1
Te-me_208.jpg,1
Te-me_209.jpg,1
Te-me_21.jpg,1
Te-me_210.jpg,1
Te-me_211.jpg,1
Te-me_212.jpg,1
Te-me_213.jpg,1
Te-me_214.jpg,1
Te-me_215.jpg,1
Te-me_216.jpg,1
Te-me_217.jpg,1
Te-me_218.jpg,1
Te-me_219.jpg,1
Te-me_22.jpg,1
Te-me_220.jpg,1
Te-me_221.jpg,1
Te-me_222.jpg,1
Te-me_223.jpg,1
Te-me_224.jpg,1
Te-me_225.jpg,0
Te-me_226.jpg,1
Te-me_227.jpg,1
Te-me_228.jpg,1
Te-me_229.jpg,1
Te-me_23.jpg,1
Te-me_230.jpg,1
Te-me_231.jpg,1
Te-me_232.jpg,1
Te-me_233.jpg,1
Te-me_234.jpg,1
Te-me_235.jpg,1
Te-me_236.jpg,1
Te-me_237.jpg,1
Te-me_238.jpg,1
Te-me_239.jpg,1
Te-me_24.jpg,1
Te-me_240.jpg,1
Te-me_241.jpg,1
Te-me_242.jpg,1
Te-me_243.jpg,1
Te-me_244.jpg,1
Te-me_245.jpg,1
Te-me_246.jpg,1
Te-me_247.jpg,1
Te-me_248.jpg,1
Te-me_249.jpg,1
Te-me_25.jpg,1
Te-me_250.jpg,1
Te-me_251.jpg,1
Te-me_252.jpg,1
Te-me_253.jpg,1
Te-me_254.jpg,1
Te-me_255.jpg,1
Te-me_256.jpg,1
Te-me_257.jpg,1
Te-me_258.jpg,1
Te-me_259.jpg,1
Te-me_26.jpg,1
Te-me_260.jpg,1
Te-me_261.jpg,1
Te-me_262.jpg,1
Te-me_263.jpg,1
Te-me_264.jpg,1
Te-me_265.jpg,1
Te-me_266.jpg,1
Te-me_267.jpg,1
Te-me_268.jpg,1
Te-me_269.jpg,1
Te-me_27.jpg,1
Te-me_270.jpg,1
Te-me_271.jpg,1
Te-me_272.jpg,1
Te-me_273.jpg,1
Te-me_274.jpg,1
Te-me_275.jpg,1
Te-me_276.jpg,1
Te-me_277.jpg,1
Te-me_278.jpg,1
Te-me_279.jpg,1
Te-me_28.jpg,1
Te-me_280.jpg,1
Te-me_281.jpg,1
Te-me_282.jpg,1
Te-me_283.jpg,1
Te-me_284.jpg,1
Te-me_285.jpg,1
Te-me_286.jpg,1
Te-me_287.jpg,1
Te-me_288.jpg,1
Te-me_289.jpg,1
Te-me_29.jpg,1
Te-me_290.jpg,1
Te-me_291.jpg,1
Te-me_292.jpg,1
Te-me_293.jpg,1
Te-me_294.jpg,1
Te-me_295.jpg,1
Te-me_296.jpg,1
Te-me_297.jpg,1
Te-me_3.jpg,1
Te-me_30.jpg,1
Te-me_31.jpg,2
Te-me_32.jpg,1
Te-me_33.jpg,1
Te-me_34.jpg,1
Te-me_35.jpg,1
Te-me_36.jpg,1
Te-me_37.jpg,1
Te-me_38.jpg,1
Te-me_39.jpg,1
Te-me_4.jpg,1
Te-me_40.jpg,1
Te-me_41.jpg,1
Te-me_42.jpg,1
Te-me_43.jpg,1
Te-me_44.jpg,1
Te-me_45.jpg,1
Te-me_46.jpg,1
Te-me_47.jpg,1
Te-me_48.jpg,1
Te-me_49.jpg,1
Te-me_5.jpg,1
Te-me_50.jpg,1
Te-me_51.jpg,1
Te-me_52.jpg,1
Te-me_53.jpg,1
Te-me_54.jpg,1
Te-me_55.jpg,1
Te-me_56.jpg,1
Te-me_57.jpg,1
Te-me_58.jpg,1
Te-me_59.jpg,1
Te-me_6.jpg,1
Te-me_60.jpg,1
Te-me_61.jpg,1
Te-me_62.jpg,1
Te-me_63.jpg,1
Te-me_64.jpg,1
Te-me_65.jpg,1
Te-me_66.jpg,1
Te-me_67.jpg,1
Te-me_68.jpg,1
Te-me_69.jpg,1
Te-me_7.jpg,1
Te-me_70.jpg,1
Te-me_71.jpg,1
Te-me_72.jpg,1
Te-me_73.jpg,1
Te-me_74.jpg,1
Te-me_75.jpg,1
Te-me_76.jpg,1
Te-me_77.jpg,1
Te-me_78.jpg,1
Te-me_79.jpg,1
Te-me_8.jpg,1
Te-me_80.jpg,1
Te-me_81.jpg,1
Te-me_82.jpg,2
Te-me_83.jpg,1
Te-me_84.jpg,1
Te-me_85.jpg,1
Te-me_86.jpg,1
Te-me_87.jpg,1
Te-me_88.jpg,1
Te-me_89.jpg,1
Te-me_9.jpg,1
Te-me_90.jpg,1
Te-me_91.jpg,1
Te-me_92.jpg,1
Te-me_93.jpg,1
Te-me_94.jpg,1
Te-me_95.jpg,1
Te-me_96.jpg,1
Te-me_97.jpg,1
Te-me_98.jpg,1
Te-me_99.jpg,1
Te-no_1.jpg,2
Te-no_10.jpg,2
Te-no_100.jpg,2
Te-no_101.jpg,2
Te-no_102.jpg,2
Te-no_103.jpg,2
Te-no_104.jpg,2
Te-no_105.jpg,2
Te-no_106.jpg,2
Te-no_107.jpg,2
Te-no_108.jpg,2
Te-no_109.jpg,2
Te-no_11.jpg,2
Te-no_110.jpg,2
Te-no_111.jpg,2
Te-no_112.jpg,2
Te-no_113.jpg,2
Te-no_114.jpg,2
Te-no_115.jpg,2
Te-no_116.jpg,2
Te-no_117.jpg,2
Te-no_118.jpg,2
Te-no_119.jpg,2
Te-no_12.jpg,2
Te-no_120.jpg,2
Te-no_121.jpg,2
Te-no_122.jpg,2
Te-no_123.jpg,2
Te-no_124.jpg,2
Te-no_125.jpg,2
Te-no_126.jpg,2
Te-no_127.jpg,2
Te-no_128.jpg,2
Te-no_129.jpg,2
Te-no_13.jpg,2
Te-no_130.jpg,2
Te-no_131.jpg,2
Te-no_132.jpg,2
Te-no_133.jpg,2
Te-no_134.jpg,2
Te-no_135.jpg,2
Te-no_136.jpg,2
Te-no_137.jpg,2
Te-no_138.jpg,2
Te-no_139.jpg,2
Te-no_14.jpg,2
Te-no_140.jpg,2
Te-no_141.jpg,2
Te-no_142.jpg,2
Te-no_143.jpg,2
Te-no_144.jpg,2
Te-no_145.jpg,2
Te-no_146.jpg,2
Te-no_147.jpg,2
Te-no_148.jpg,2
Te-no_149.jpg,2
Te-no_15.jpg,2
Te-no_150.jpg,2
Te-no_151.jpg,2
Te-no_152.jpg,2
Te-no_153.jpg,2
Te-no_154.jpg,2
Te-no_155.jpg,2
Te-no_156.jpg,2
Te-no_157.jpg,2
Te-no_158.jpg,2
Te-no_159.jpg,2
Te-no_16.jpg,2
Te-no_160.jpg,2
Te-no_161.jpg,2
Te-no_162.jpg,2
Te-no_163.jpg,2
Te-no_164.jpg,2
Te-no_165.jpg,2
Te-no_166.jpg,2
Te-no_167.jpg,2
Te-no_168.jpg,2
Te-no_169.jpg,2
Te-no_17.jpg,2
Te-no_170.jpg,2
Te-no_171.jpg,2
Te-no_172.jpg,2
Te-no_173.jpg,2
Te-no_174.jpg,2
Te-no_175.jpg,2
Te-no_176.jpg,2
Te-no_177.jpg,2
Te-no_178.jpg,2
Te-no_179.jpg,2
Te-no_18.jpg,2
Te-no_180.jpg,2
Te-no_181.jpg,2
Te-no_182.jpg,2
Te-no_183.jpg,2
Te-no_184.jpg,2
Te-no_185.jpg,2
Te-no_186.jpg,2
Te-no_187.jpg,2
Te-no_188.jpg,2
Te-no_189.jpg,2
Te-no_19.jpg,2
Te-no_190.jpg,2
Te-no_191.jpg,2
Te-no_192.jpg,2
Te-no_193.jpg,2
Te-no_194.jpg,2
Te-no_195.jpg,2
Te-no_196.jpg,2
Te-no_197.jpg,2
Te-no_198.jpg,2
Te-no_199.jpg,2
Te-no_2.jpg,2
Te-no_20.jpg,2
Te-no_200.jpg,2
Te-no_201.jpg,2
Te-no_202.jpg,2
Te-no_203.jpg,2
Te-no_204.jpg,2
Te-no_205.jpg,2
Te-no_206.jpg,2
Te-no_207.jpg,2
Te-no_208.jpg,2
Te-no_209.jpg,2
Te-no_21.jpg,2
Te-no_210.jpg,2
Te-no_211.jpg,2
Te-no_212.jpg,2
Te-no_213.jpg,2
Te-no_214.jpg,2
Te-no_215.jpg,2
Te-no_216.jpg,2
Te-no_217.jpg,2
Te-no_218.jpg,2
Te-no_219.jpg,2
Te-no_22.jpg,2
Te-no_220.jpg,2
Te-no_221.jpg,2
Te-no_222.jpg,2
Te-no_223.jpg,2
Te-no_224.jpg,2
Te-no_225.jpg,2
Te-no_226.jpg,2
Te-no_227.jpg,2
Te-no_228.jpg,2
Te-no_229.jpg,2
Te-no_23.jpg,2
Te-no_230.jpg,2
Te-no_231.jpg,2
Te-no_232.jpg,2
Te-no_233.jpg,2
Te-no_234.jpg,2
Te-no_235.jpg,2
Te-no_236.jpg,2
Te-no_237.jpg,2
Te-no_238.jpg,2
Te-no_239.jpg,2
Te-no_24.jpg,2
Te-no_240.jpg,2
Te-no_241.jpg,2
Te-no_242.jpg,2
Te-no_243.jpg,2
Te-no_244.jpg,2
Te-no_245.jpg,2
Te-no_246.jpg,2
Te-no_247.jpg,2
Te-no_248.jpg,2
Te-no_249.jpg,2
Te-no_25.jpg,2
Te-no_250.jpg,2
Te-no_251.jpg,2
Te-no_252.jpg,2
Te-no_253.jpg,2
Te-no_254.jpg,2
Te-no_255.jpg,2
Te-no_256.jpg,2
Te-no_257.jpg,2
Te-no_258.jpg,2
Te-no_259.jpg,2
Te-no_26.jpg,2
Te-no_260.jpg,2
Te-no_261.jpg,2
Te-no_262.jpg,2
Te-no_263.jpg,2
Te-no_264.jpg,2
Te-no_265.jpg,2
Te-no_266.jpg,2
Te-no_267.jpg,2
Te-no_268.jpg,2
Te-no_269.jpg,2
Te-no_27.jpg,2
Te-no_270.jpg,2
Te-no_271.jpg,2
Te-no_272.jpg,2
Te-no_273.jpg,2
Te-no_274.jpg,2
Te-no_275.jpg,2
Te-no_276.jpg,2
Te-no_277.jpg,2
Te-no_278.jpg,2
Te-no_279.jpg,2
Te-no_28.jpg,2
Te-no_280.jpg,2
Te-no_281.jpg,2
Te-no_282.jpg,2
Te-no_283.jpg,2
Te-no_284.jpg,2
Te-no_285.jpg,2
Te-no_286.jpg,2
Te-no_287.jpg,2
Te-no_288.jpg,2
Te-no_289.jpg,2
Te-no_29.jpg,2
Te-no_290.jpg,2
Te-no_291.jpg,2
Te-no_292.jpg,2
Te-no_293.jpg,2
Te-no_294.jpg,2
Te-no_295.jpg,2
Te-no_296.jpg,2
Te-no_297.jpg,2
Te-no_298.jpg,2
Te-no_299.jpg,2
Te-no_3.jpg,2
Te-no_30.jpg,2
Te-no_300.jpg,2
Te-no_301.jpg,2
Te-no_302.jpg,2
Te-no_303.jpg,2
Te-no_304.jpg,2
Te-no_305.jpg,2
Te-no_306.jpg,2
Te-no_307.jpg,2
Te-no_308.jpg,2
Te-no_309.jpg,2
Te-no_31.jpg,2
Te-no_310.jpg,2
Te-no_311.jpg,2
Te-no_312.jpg,2
Te-no_313.jpg,2
Te-no_314.jpg,2
Te-no_315.jpg,2
Te-no_316.jpg,2
Te-no_317.jpg,2
Te-no_318.jpg,2
Te-no_319.jpg,2
Te-no_32.jpg,2
Te-no_320.jpg,2
Te-no_321.jpg,2
Te-no_322.jpg,2
Te-no_323.jpg,2
Te-no_324.jpg,2
Te-no_325.jpg,2
Te-no_326.jpg,2
Te-no_327.jpg,2
Te-no_328.jpg,2
Te-no_329.jpg,2
Te-no_33.jpg,2
Te-no_330.jpg,2
Te-no_331.jpg,2
Te-no_332.jpg,2
Te-no_333.jpg,2
Te-no_334.jpg,2
Te-no_335.jpg,2
Te-no_336.jpg,2
Te-no_337.jpg,2
Te-no_338.jpg,2
Te-no_339.jpg,2
Te-no_34.jpg,2
Te-no_340.jpg,2
Te-no_341.jpg,2
Te-no_342.jpg,2
Te-no_343.jpg,2
Te-no_344.jpg,2
Te-no_345.jpg,2
Te-no_346.jpg,2
Te-no_347.jpg,2
Te-no_348.jpg,2
Te-no_349.jpg,2
Te-no_35.jpg,2
Te-no_350.jpg,2
Te-no_351.jpg,2
Te-no_352.jpg,2
Te-no_353.jpg,2
Te-no_354.jpg,2
Te-no_355.jpg,2
Te-no_356.jpg,2
Te-no_357.jpg,2
Te-no_358.jpg,2
Te-no_359.jpg,2
Te-no_36.jpg,2
Te-no_360.jpg,2
Te-no_361.jpg,2
Te-no_362.jpg,2
Te-no_363.jpg,2
Te-no_364.jpg,2
Te-no_365.jpg,2
Te-no_366.jpg,2
Te-no_367.jpg,2
Te-no_368.jpg,2
Te-no_369.jpg,2
Te-no_37.jpg,2
Te-no_370.jpg,2
Te-no_371.jpg,2
Te-no_372.jpg,2
Te-no_373.jpg,2
Te-no_374.jpg,2
Te-no_375.jpg,2
Te-no_376.jpg,2
Te-no_377.jpg,2
Te-no_378.jpg,2
Te-no_379.jpg,2
Te-no_38.jpg,2
Te-no_380.jpg,2
Te-no_381.jpg,2
Te-no_382.jpg,2
Te-no_383.jpg,2
Te-no_384.jpg,2
Te-no_385.jpg,2
Te-no_386.jpg,2
Te-no_387.jpg,2
Te-no_388.jpg,2
Te-no_389.jpg,2
Te-no_39.jpg,2
Te-no_390.jpg,2
Te-no_391.jpg,2
Te-no_392.jpg,2
Te-no_393.jpg,2
Te-no_394.jpg,2
Te-no_395.jpg,2
Te-no_396.jpg,2
Te-no_397.jpg,2
Te-no_398.jpg,2
Te-no_399.jpg,2
Te-no_4.jpg,2
Te-no_40.jpg,2
Te-no_400.jpg,2
Te-no_41.jpg,2
Te-no_42.jpg,2
Te-no_43.jpg,2
Te-no_44.jpg,2
Te-no_45.jpg,2
Te-no_46.jpg,2
Te-no_47.jpg,2
Te-no_48.jpg,2
Te-no_49.jpg,2
Te-no_5.jpg,2
Te-no_50.jpg,2
Te-no_51.jpg,2
Te-no_52.jpg,2
Te-no_53.jpg,2
Te-no_54.jpg,2
Te-no_55.jpg,2
Te-no_56.jpg,2
Te-no_57.jpg,2
Te-no_58.jpg,2
Te-no_59.jpg,2
Te-no_6.jpg,2
Te-no_60.jpg,2
Te-no_61.jpg,2
Te-no_62.jpg,2
Te-no_63.jpg,2
Te-no_64.jpg,2
Te-no_65.jpg,2
Te-no_66.jpg,2
Te-no_67.jpg,2
Te-no_68.jpg,2
Te-no_69.jpg,2
Te-no_7.jpg,2
Te-no_70.jpg,2
Te-no_71.jpg,2
Te-no_72.jpg,2
Te-no_73.jpg,2
Te-no_74.jpg,2
Te-no_75.jpg,2
Te-no_76.jpg,2
Te-no_77.jpg,2
Te-no_78.jpg,2
Te-no_79.jpg,2
Te-no_8.jpg,2
Te-no_80.jpg,2
Te-no_81.jpg,2
Te-no_82.jpg,2
Te-no_83.jpg,2
Te-no_84.jpg,2
Te-no_85.jpg,2
Te-no_86.jpg,2
Te-no_87.jpg,2
Te-no_88.jpg,2
Te-no_89.jpg,2
Te-no_9.jpg,2
Te-no_90.jpg,2
Te-no_91.jpg,2
Te-no_92.jpg,2
Te-no_93.jpg,2
Te-no_94.jpg,2
Te-no_95.jpg,2
Te-no_96.jpg,2
Te-no_97.jpg,2
Te-no_98.jpg,2
Te-no_99.jpg,2
Te-pi_1.jpg,3
Te-pi_10.jpg,3
Te-pi_100.jpg,3
Te-pi_101.jpg,3
Te-pi_102.jpg,3
Te-pi_103.jpg,3
Te-pi_104.jpg,3
Te-pi_105.jpg,3
Te-pi_106.jpg,3
Te-pi_107.jpg,3
Te-pi_108.jpg,3
Te-pi_109.jpg,3
Te-pi_11.jpg,3
Te-pi_110.jpg,3
Te-pi_111.jpg,3
Te-pi_112.jpg,3
Te-pi_113.jpg,3
Te-pi_114.jpg,1
Te-pi_115.jpg,3
Te-pi_116.jpg,3
Te-pi_117.jpg,3
Te-pi_118.jpg,3
Te-pi_119.jpg,3
Te-pi_12.jpg,3
Te-pi_120.jpg,3
Te-pi_121.jpg,3
Te-pi_122.jpg,3
Te-pi_123.jpg,3
Te-pi_124.jpg,3
Te-pi_125.jpg,3
Te-pi_126.jpg,3
Te-pi_127.jpg,3
Te-pi_128.jpg,3
Te-pi_129.jpg,3
Te-pi_13.jpg,3
Te-pi_130.jpg,3
Te-pi_131.jpg,3
Te-pi_132.jpg,3
Te-pi_133.jpg,3
Te-pi_134.jpg,1
Te-pi_135.jpg,3
Te-pi_136.jpg,3
Te-pi_137.jpg,3
Te-pi_138.jpg,3
Te-pi_139.jpg,3
Te-pi_14.jpg,3
Te-pi_140.jpg,3
Te-pi_141.jpg,3
Te-pi_142.jpg,3
Te-pi_143.jpg,3
Te-pi_144.jpg,3
Te-pi_145.jpg,3
Te-pi_146.jpg,3
Te-pi_147.jpg,3
Te-pi_148.jpg,3
Te-pi_149.jpg,3
Te-pi_15.jpg,3
Te-pi_150.jpg,3
Te-pi_151.jpg,3
Te-pi_152.jpg,3
Te-pi_153.jpg,3
Te-pi_154.jpg,3
Te-pi_155.jpg,3
Te-pi_156.jpg,3
Te-pi_157.jpg,3
Te-pi_158.jpg,3
Te-pi_159.jpg,3
Te-pi_16.jpg,3
Te-pi_160.jpg,3
Te-pi_161.jpg,3
Te-pi_162.jpg,3
Te-pi_163.jpg,3
Te-pi_164.jpg,3
Te-pi_165.jpg,3
Te-pi_166.jpg,3
Te-pi_167.jpg,3
Te-pi_168.jpg,3
Te-pi_169.jpg,3
Te-pi_17.jpg,3
Te-pi_170.jpg,3
Te-pi_171.jpg,3
Te-pi_172.jpg,3
Te-pi_173.jpg,3
Te-pi_174.jpg,3
Te-pi_175.jpg,3
Te-pi_176.jpg,3
Te-pi_177.jpg,3
Te-pi_178.jpg,3
Te-pi_179.jpg,3
Te-pi_18.jpg,3
Te-pi_180.jpg,3
Te-pi_181.jpg,3
Te-pi_182.jpg,3
Te-pi_183.jpg,3
Te-pi_184.jpg,3
Te-pi_185.jpg,3
Te-pi_186.jpg,3
Te-pi_187.jpg,3
Te-pi_188.jpg,3
Te-pi_189.jpg,3
Te-pi_19.jpg,3
Te-pi_190.jpg,3
Te-pi_191.jpg,3
Te-pi_192.jpg,3
Te-pi_193.jpg,3
Te-pi_194.jpg,3
Te-pi_195.jpg,3
Te-pi_196.jpg,3
Te-pi_197.jpg,3
Te-pi_198.jpg,3
Te-pi_199.jpg,3
Te-pi_2.jpg,1
Te-pi_20.jpg,3
Te-pi_200.jpg,3
Te-pi_201.jpg,3
Te-pi_202.jpg,3
Te-pi_203.jpg,3
Te-pi_204.jpg,3
Te-pi_205.jpg,3
Te-pi_206.jpg,1
Te-pi_207.jpg,3
Te-pi_208.jpg,3
Te-pi_209.jpg,1
Te-pi_21.jpg,1
Te-pi_210.jpg,3
Te-pi_211.jpg,3
Te-pi_212.jpg,3
Te-pi_213.jpg,3
Te-pi_214.jpg,3
Te-pi_215.jpg,3
Te-pi_216.jpg,3
Te-pi_217.jpg,3
Te-pi_218.jpg,3
Te-pi_219.jpg,1
Te-pi_22.jpg,3
Te-pi_220.jpg,3
Te-pi_221.jpg,3
Te-pi_222.jpg,3
Te-pi_223.jpg,3
Te-pi_224.jpg,3
Te-pi_225.jpg,3
Te-pi_226.jpg,3
Te-pi_227.jpg,3
Te-pi_228.jpg,3
Te-pi_229.jpg,3
Te-pi_23.jpg,3
Te-pi_230.jpg,3
Te-pi_231.jpg,3
Te-pi_232.jpg,3
Te-pi_233.jpg,3
Te-pi_234.jpg,3
Te-pi_235.jpg,3
Te-pi_236.jpg,3
Te-pi_237.jpg,3
Te-pi_238.jpg,3
Te-pi_239.jpg,3
Te-pi_24.jpg,3
Te-pi_240.jpg,3
Te-pi_241.jpg,3
Te-pi_242.jpg,3
Te-pi_243.jpg,3
Te-pi_244.jpg,3
Te-pi_245.jpg,3
Te-pi_246.jpg,3
Te-pi_247.jpg,3
Te-pi_248.jpg,3
Te-pi_249.jpg,3
Te-pi_25.jpg,3
Te-pi_250.jpg,3
Te-pi_251.jpg,3
Te-pi_252.jpg,3
Te-pi_253.jpg,3
Te-pi_254.jpg,3
Te-pi_255.jpg,3
Te-pi_256.jpg,3
Te-pi_257.jpg,3
Te-pi_258.jpg,3
Te-pi_259.jpg,3
Te-pi_26.jpg,1
Te-pi_260.jpg,3
Te-pi_261.jpg,3
Te-pi_262.jpg,1
Te-pi_263.jpg,3
Te-pi_264.jpg,3
Te-pi_265.jpg,3
Te-pi_266.jpg,3
Te-pi_267.jpg,3
Te-pi_268.jpg,3
Te-pi_269.jpg,3
Te-pi_27.jpg,3
Te-pi_270.jpg,3
Te-pi_271.jpg,3
Te-pi_272.jpg,3
Te-pi_273.jpg,3
Te-pi_274.jpg,3
Te-pi_275.jpg,3
Te-pi_276.jpg,3
Te-pi_277.jpg,3
Te-pi_278.jpg,3
Te-pi_279.jpg,3
Te-pi_28.jpg,3
Te-pi_280.jpg,3
Te-pi_281.jpg,3
Te-pi_282.jpg,3
Te-pi_283.jpg,3
Te-pi_284.jpg,3
Te-pi_285.jpg,3
Te-pi_286.jpg,3
Te-pi_287.jpg,3
Te-pi_288.jpg,3
Te-pi_289.jpg,3
Te-pi_29.jpg,3
Te-pi_290.jpg,3
Te-pi_291.jpg,1
Te-pi_292.jpg,3
Te-pi_293.jpg,3
Te-pi_294.jpg,3
Te-pi_295.jpg,3
Te-pi_296.jpg,3
Te-pi_297.jpg,3
Te-pi_298.jpg,3
Te-pi_299.jpg,3
Te-pi_3.jpg,3
Te-pi_30.jpg,3
Te-pi_300.jpg,3
Te-pi_301.jpg,3
Te-pi_302.jpg,3
Te-pi_303.jpg,3
Te-pi_304.jpg,3
Te-pi_305.jpg,3
Te-pi_306.jpg,3
Te-pi_307.jpg,3
Te-pi_308.jpg,3
Te-pi_309.jpg,3
Te-pi_31.jpg,3
Te-pi_310.jpg,3
Te-pi_311.jpg,3
Te-pi_312.jpg,3
Te-pi_313.jpg,3
Te-pi_314.jpg,3
Te-pi_315.jpg,3
Te-pi_316.jpg,3
Te-pi_317.jpg,3
Te-pi_318.jpg,3
Te-pi_319.jpg,3
Te-pi_32.jpg,3
Te-pi_320.jpg,3
Te-pi_321.jpg,3
Te-pi_322.jpg,3
Te-pi_323.jpg,1
Te-pi_324.jpg,3
Te-pi_325.jpg,3
Te-pi_326.jpg,3
Te-pi_327.jpg,3
Te-pi_328.jpg,3
Te-pi_329.jpg,3
Te-pi_33.jpg,3
Te-pi_330.jpg,2
Te-pi_331.jpg,3
Te-pi_332.jpg,3
Te-pi_333.jpg,3
Te-pi_334.jpg,3
Te-pi_335.jpg,3
Te-pi_336.jpg,3
Te-pi_337.jpg,3
Te-pi_338.jpg,3
Te-pi_339.jpg,3
Te-pi_34.jpg,3
Te-pi_340.jpg,3
Te-pi_341.jpg,3
Te-pi_342.jpg,3
Te-pi_343.jpg,3
Te-pi_344.jpg,3
Te-pi_345.jpg,3
Te-pi_346.jpg,3
Te-pi_347.jpg,3
Te-pi_348.jpg,3
Te-pi_349.jpg,3
Te-pi_35.jpg,3
Te-pi_350.jpg,3
Te-pi_351.jpg,3
Te-pi_352.jpg,3
Te-pi_353.jpg,3
Te-pi_354.jpg,3
Te-pi_355.jpg,3
Te-pi_356.jpg,3
Te-pi_357.jpg,3
Te-pi_358.jpg,3
Te-pi_359.jpg,3
Te-pi_36.jpg,3
Te-pi_360.jpg,3
Te-pi_361.jpg,3
Te-pi_362.jpg,3
Te-pi_363.jpg,3
Te-pi_364.jpg,3
Te-pi_365.jpg,3
Te-pi_366.jpg,3
Te-pi_367.jpg,3
Te-pi_368.jpg,3
Te-pi_369.jpg,3
Te-pi_37.jpg,3
Te-pi_370.jpg,3
Te-pi_371.jpg,3
Te-pi_372.jpg,3
Te-pi_373.jpg,3
Te-pi_374.jpg,3
Te-pi_375.jpg,3
Te-pi_376.jpg,3
Te-pi_377.jpg,3
Te-pi_378.jpg,3
Te-pi_379.jpg,3
Te-pi_38.jpg,3
Te-pi_380.jpg,3
Te-pi_381.jpg,3
Te-pi_382.jpg,3
Te-pi_383.jpg,3
Te-pi_384.jpg,3
Te-pi_385.jpg,3
Te-pi_386.jpg,3
Te-pi_387.jpg,3
Te-pi_388.jpg,3
Te-pi_389.jpg,3
Te-pi_39.jpg,3
Te-pi_390.jpg,3
Te-pi_391.jpg,3
Te-pi_392.jpg,3
Te-pi_393.jpg,3
Te-pi_394.jpg,3
Te-pi_395.jpg,3
Te-pi_396.jpg,3
Te-pi_397.jpg,3
Te-pi_398.jpg,3
Te-pi_399.jpg,3
Te-pi_4.jpg,3
Te-pi_40.jpg,3
Te-pi_400.jpg,3
Te-pi_41.jpg,3
Te-pi_42.jpg,3
Te-pi_43.jpg,3
Te-pi_44.jpg,3
Te-pi_45.jpg,3
Te-pi_46.jpg,3
Te-pi_47.jpg,3
Te-pi_48.jpg,3
Te-pi_49.jpg,0
Te-pi_5.jpg,3
Te-pi_50.jpg,3
Te-pi_51.jpg,3
Te-pi_52.jpg,3
Te-pi_53.jpg,3
Te-pi_54.jpg,3
Te-pi_55.jpg,3
Te-pi_56.jpg,3
Te-pi_57.jpg,3
Te-pi_58.jpg,3
Te-pi_59.jpg,3
Te-pi_6.jpg,3
Te-pi_60.jpg,3
Te-pi_61.jpg,3
Te-pi_62.jpg,3
Te-pi_63.jpg,3
Te-pi_64.jpg,3
Te-pi_65.jpg,3
Te-pi_66.jpg,3
Te-pi_67.jpg,3
Te-pi_68.jpg,3
Te-pi_69.jpg,3
Te-pi_7.jpg,3
Te-pi_70.jpg,3
Te-pi_71.jpg,3
Te-pi_72.jpg,3
Te-pi_73.jpg,3
Te-pi_74.jpg,3
Te-pi_75.jpg,3
Te-pi_76.jpg,3
Te-pi_77.jpg,3
Te-pi_78.jpg,3
Te-pi_79.jpg,3
Te-pi_8.jpg,1
Te-pi_80.jpg,3
Te-pi_81.jpg,3
Te-pi_82.jpg,1
Te-pi_83.jpg,3
Te-pi_84.jpg,3
Te-pi_85.jpg,3
Te-pi_86.jpg,3
Te-pi_87.jpg,3
Te-pi_88.jpg,3
Te-pi_89.jpg,3
Te-pi_9.jpg,3
Te-pi_90.jpg,3
Te-pi_91.jpg,3
Te-pi_92.jpg,3
Te-pi_93.jpg,3
Te-pi_94.jpg,3
Te-pi_95.jpg,3
Te-pi_96.jpg,3
Te-pi_97.jpg,3
Te-pi_98.jpg,3
Te-pi_99.jpg,3
